[
{ "model": "opds_catalog.genre", "pk":1, "fields":{"genre":"economics_ref","subsection":"Деловая литература","section":"Деловая литература"}},
{ "model": "opds_catalog.genre", "pk":2, "fields":{"genre":"popular_business","subsection":"Карьера, кадры","section":"Деловая литература"}},
{ "model": "opds_catalog.genre", "pk":3, "fields":{"genre":"org_behavior","subsection":"Маркетинг, PR","section":"Деловая литература"}},
{ "model": "opds_catalog.genre", "pk":4, "fields":{"genre":"banking","subsection":"Финансы","section":"Деловая литература"}},
{ "model": "opds_catalog.genre", "pk":5, "fields":{"genre":"economics","subsection":"Экономика","section":"Деловая литература"}},
{ "model": "opds_catalog.genre", "pk":6, "fields":{"genre":"det_action","subsection":"Боевик","section":"Детективы и Триллеры"}},
{ "model": "opds_catalog.genre", "pk":7, "fields":{"genre":"detective","subsection":"Детективы","section":"Детективы и Триллеры"}},
{ "model": "opds_catalog.genre", "pk":8, "fields":{"genre":"det_irony","subsection":"Иронический детектив, дамский детективный роман","section":"Детективы и Триллеры"}},
{ "model": "opds_catalog.genre", "pk":9, "fields":{"genre":"det_history","subsection":"Исторический детектив","section":"Детективы и Триллеры"}},
{ "model": "opds_catalog.genre", "pk":10, "fields":{"genre":"det_classic","subsection":"Классический детектив","section":"Детективы и Триллеры"}},
{ "model": "opds_catalog.genre", "pk":11, "fields":{"genre":"det_crime","subsection":"Криминальный детектив","section":"Детективы и Триллеры"}},
{ "model": "opds_catalog.genre", "pk":12, "fields":{"genre":"det_hard","subsection":"Крутой детектив","section":"Детективы и Триллеры"}},
{ "model": "opds_catalog.genre", "pk":13, "fields":{"genre":"det_political","subsection":"Политический детектив","section":"Детективы и Триллеры"}},
{ "model": "opds_catalog.genre", "pk":14, "fields":{"genre":"det_police","subsection":"Полицейский детектив","section":"Детективы и Триллеры"}},
{ "model": "opds_catalog.genre", "pk":15, "fields":{"genre":"det_maniac","subsection":"Про маньяков","section":"Детективы и Триллеры"}},
{ "model": "opds_catalog.genre", "pk":16, "fields":{"genre":"det_su","subsection":"Советский детектив","section":"Детективы и Триллеры"}},
{ "model": "opds_catalog.genre", "pk":17, "fields":{"genre":"thriller","subsection":"Триллер","section":"Детективы и Триллеры"}},
{ "model": "opds_catalog.genre", "pk":18, "fields":{"genre":"det_espionage","subsection":"Шпионский детектив","section":"Детективы и Триллеры"}},
{ "model": "opds_catalog.genre", "pk":19, "fields":{"genre":"nonf_biography","subsection":"Биографии и Мемуары","section":"Документальная литература"}},
{ "model": "opds_catalog.genre", "pk":20, "fields":{"genre":"nonf_military","subsection":"Военная документалистика и аналитика","section":"Документальная литература"}},
{ "model": "opds_catalog.genre", "pk":21, "fields":{"genre":"military_special","subsection":"Военное дело","section":"Документальная литература"}},
{ "model": "opds_catalog.genre", "pk":22, "fields":{"genre":"travel_notes","subsection":"География, путевые заметки","section":"Документальная литература"}},
{ "model": "opds_catalog.genre", "pk":23, "fields":{"genre":"nonfiction","subsection":"Документальная литература","section":"Документальная литература"}},
{ "model": "opds_catalog.genre", "pk":24, "fields":{"genre":"nonf_publicism","subsection":"Публицистика","section":"Документальная литература"}},
{ "model": "opds_catalog.genre", "pk":25, "fields":{"genre":"auto_regulations","subsection":"Автомобили и ПДД","section":"Дом и семья"}},
{ "model": "opds_catalog.genre", "pk":26, "fields":{"genre":"home_sport","subsection":"Боевые искусства, спорт","section":"Дом и семья"}},
{ "model": "opds_catalog.genre", "pk":27, "fields":{"genre":"home_pets","subsection":"Домашние животные","section":"Дом и семья"}},
{ "model": "opds_catalog.genre", "pk":28, "fields":{"genre":"home","subsection":"Домоводство","section":"Дом и семья"}},
{ "model": "opds_catalog.genre", "pk":29, "fields":{"genre":"home_health","subsection":"Здоровье","section":"Дом и семья"}},
{ "model": "opds_catalog.genre", "pk":30, "fields":{"genre":"home_collecting","subsection":"Коллекционирование","section":"Дом и семья"}},
{ "model": "opds_catalog.genre", "pk":31, "fields":{"genre":"home_cooking","subsection":"Кулинария","section":"Дом и семья"}},
{ "model": "opds_catalog.genre", "pk":32, "fields":{"genre":"sci_pedagogy","subsection":"Педагогика, воспитание детей, литература для родителей","section":"Дом и семья"}},
{ "model": "opds_catalog.genre", "pk":33, "fields":{"genre":"home_entertain","subsection":"Развлечения","section":"Дом и семья"}},
{ "model": "opds_catalog.genre", "pk":34, "fields":{"genre":"home_garden","subsection":"Сад и огород","section":"Дом и семья"}},
{ "model": "opds_catalog.genre", "pk":35, "fields":{"genre":"home_diy","subsection":"Сделай сам","section":"Дом и семья"}},
{ "model": "opds_catalog.genre", "pk":36, "fields":{"genre":"family","subsection":"Семейные отношения","section":"Дом и семья"}},
{ "model": "opds_catalog.genre", "pk":37, "fields":{"genre":"home_sex","subsection":"Семейные отношения, секс","section":"Дом и семья"}},
{ "model": "opds_catalog.genre", "pk":38, "fields":{"genre":"home_crafts","subsection":"Хобби и ремесла","section":"Дом и семья"}},
{ "model": "opds_catalog.genre", "pk":39, "fields":{"genre":"drama_antique","subsection":"Античная драма","section":"Драматургия"}},
{ "model": "opds_catalog.genre", "pk":40, "fields":{"genre":"drama","subsection":"Драма","section":"Драматургия"}},
{ "model": "opds_catalog.genre", "pk":41, "fields":{"genre":"dramaturgy","subsection":"Драматургия","section":"Драматургия"}},
{ "model": "opds_catalog.genre", "pk":42, "fields":{"genre":"comedy","subsection":"Комедия","section":"Драматургия"}},
{ "model": "opds_catalog.genre", "pk":43, "fields":{"genre":"vaudeville","subsection":"Мистерия, буффонада, водевиль","section":"Драматургия"}},
{ "model": "opds_catalog.genre", "pk":44, "fields":{"genre":"screenplays","subsection":"Сценарий","section":"Драматургия"}},
{ "model": "opds_catalog.genre", "pk":45, "fields":{"genre":"tragedy","subsection":"Трагедия","section":"Драматургия"}},
{ "model": "opds_catalog.genre", "pk":46, "fields":{"genre":"painting","subsection":"Живопись, альбомы, иллюстрированные каталоги","section":"Искусство, Искусствоведение, Дизайн"}},
{ "model": "opds_catalog.genre", "pk":47, "fields":{"genre":"design","subsection":"Искусство и Дизайн","section":"Искусство, Искусствоведение, Дизайн"}},
{ "model": "opds_catalog.genre", "pk":48, "fields":{"genre":"art_criticism","subsection":"Искусствоведение","section":"Искусттво, Искусствоведение, Дизайн"}},
{ "model": "opds_catalog.genre", "pk":49, "fields":{"genre":"cine","subsection":"Кино","section":"Искусство, Искусствоведение, Дизайн"}},
{ "model": "opds_catalog.genre", "pk":50, "fields":{"genre":"nonf_criticism","subsection":"Критика","section":"Искусство, Искусствоведение, Дизайн"}},
{ "model": "opds_catalog.genre", "pk":51, "fields":{"genre":"sci_culture","subsection":"Культурология","section":"Искусство, Искусствоведение, Дизайн"}},
{ "model": "opds_catalog.genre", "pk":52, "fields":{"genre":"art_world_culture","subsection":"Мировая художественная культура","section":"Искусство, Искусствоведение, Дизайн"}},
{ "model": "opds_catalog.genre", "pk":53, "fields":{"genre":"music","subsection":"Музыка","section":"Искусство, Искусствоведение, Дизайн"}},
{ "model": "opds_catalog.genre", "pk":54, "fields":{"genre":"notes","subsection":"Партитуры","section":"Искусство, Искусствоведение, Дизайн"}},
{ "model": "opds_catalog.genre", "pk":55, "fields":{"genre":"architecture_book","subsection":"Скульптура и архитектура","section":"Искусство, Искусствоведение, Дизайн"}},
{ "model": "opds_catalog.genre", "pk":56, "fields":{"genre":"theatre","subsection":"Театр","section":"Искусство, Искусствоведение, Дизайн"}},
{ "model": "opds_catalog.genre", "pk":57, "fields":{"genre":"computers","subsection":"Зарубежная компьютерная, околокомпьютерная литература","section":"Компьютеры и Интернет"}},
{ "model": "opds_catalog.genre", "pk":58, "fields":{"genre":"comp_hard","subsection":"Компьютерное 'железо'","section":"Компьютеры и Интернет"}},
{ "model": "opds_catalog.genre", "pk":59, "fields":{"genre":"comp_www","subsection":"ОС и Сети, интернет","section":"Компьютеры и Интернет"}},
{ "model": "opds_catalog.genre", "pk":60, "fields":{"genre":"comp_db","subsection":"Программирование, программы, базы данных","section":"Компьютеры и Интернет"}},
{ "model": "opds_catalog.genre", "pk":61, "fields":{"genre":"tbg_computers","subsection":"Учебные пособия, самоучители","section":"Компьютеры и Интернет"}},
{ "model": "opds_catalog.genre", "pk":62, "fields":{"genre":"children","subsection":"Детская литература","section":"Литература для детей"}},
{ "model": "opds_catalog.genre", "pk":63, "fields":{"genre":"child_education","subsection":"Детская образовательная литература","section":"Литература для детей"}},
{ "model": "opds_catalog.genre", "pk":64, "fields":{"genre":"child_det","subsection":"Детская остросюжетная литература","section":"Литература для детей"}},
{ "model": "opds_catalog.genre", "pk":65, "fields":{"genre":"foreign_children","subsection":"Зарубежная литература для детей","section":"Литература для детей"}},
{ "model": "opds_catalog.genre", "pk":66, "fields":{"genre":"prose_game","subsection":"Игры, упражнения для детей","section":"Литература для детей"}},
{ "model": "opds_catalog.genre", "pk":67, "fields":{"genre":"child_classical","subsection":"Классическая детская литература","section":"Литература для детей"}},
{ "model": "opds_catalog.genre", "pk":68, "fields":{"genre":"child_prose","subsection":"Проза для детей","section":"Литература для детей"}},
{ "model": "opds_catalog.genre", "pk":69, "fields":{"genre":"child_tale_rus","subsection":"Русские сказки","section":"Литература для детей"}},
{ "model": "opds_catalog.genre", "pk":70, "fields":{"genre":"child_tale","subsection":"Сказки народов мира","section":"Литература для детей"}},
{ "model": "opds_catalog.genre", "pk":71, "fields":{"genre":"child_verse","subsection":"Стихи для детей","section":"Литература для детей"}},
{ "model": "opds_catalog.genre", "pk":72, "fields":{"genre":"child_sf","subsection":"Фантастика для детей","section":"Литература для детей"}},
{ "model": "opds_catalog.genre", "pk":73, "fields":{"genre":"love_history","subsection":"Исторические любовные романы","section":"Любовные романы"}},
{ "model": "opds_catalog.genre", "pk":74, "fields":{"genre":"love_short","subsection":"Короткие любовные романы","section":"Любовные романы"}},
{ "model": "opds_catalog.genre", "pk":75, "fields":{"genre":"love_sf","subsection":"Любовное фэнтези, любовно-фантастические романы","section":"Любовные романы"}},
{ "model": "opds_catalog.genre", "pk":76, "fields":{"genre":"love","subsection":"Любовные романы","section":"Любовные романы"}},
{ "model": "opds_catalog.genre", "pk":77, "fields":{"genre":"love_detective","subsection":"Остросюжетные любовные романы","section":"Любовные романы"}},
{ "model": "opds_catalog.genre", "pk":78, "fields":{"genre":"love_hard","subsection":"Порно","section":"Любовные романы"}},
{ "model": "opds_catalog.genre", "pk":79, "fields":{"genre":"love_contemporary","subsection":"Современные любовные романы","section":"Любовные романы"}},
{ "model": "opds_catalog.genre", "pk":80, "fields":{"genre":"love_erotica","subsection":"Эротическая литература","section":"Любовные романы"}},
{ "model": "opds_catalog.genre", "pk":81, "fields":{"genre":"sci_medicine_alternative","subsection":"Альтернативная медицина","section":"Наука, Образование"}},
{ "model": "opds_catalog.genre", "pk":82, "fields":{"genre":"sci_theories","subsection":"Альтернативные науки и научные теории","section":"Наука, Образование"}},
{ "model": "opds_catalog.genre", "pk":83, "fields":{"genre":"sci_cosmos","subsection":"Астрономия и Космос","section":"Наука, Образование"}},
{ "model": "opds_catalog.genre", "pk":84, "fields":{"genre":"sci_biology","subsection":"Биология, биофизика, биохимия","section":"Наука, Образование"}},
{ "model": "opds_catalog.genre", "pk":85, "fields":{"genre":"sci_botany","subsection":"Ботаника","section":"Наука, Образование"}},
{ "model": "opds_catalog.genre", "pk":86, "fields":{"genre":"sci_veterinary","subsection":"Ветеринария","section":"Наука, Образование"}},
{ "model": "opds_catalog.genre", "pk":87, "fields":{"genre":"military_history","subsection":"Военная история","section":"Наука, Образование"}},
{ "model": "opds_catalog.genre", "pk":88, "fields":{"genre":"sci_oriental","subsection":"Востоковедение","section":"Наука, Образование"}},
{ "model": "opds_catalog.genre", "pk":89, "fields":{"genre":"sci_geo","subsection":"Геология и география","section":"Наука, Образование"}},
{ "model": "opds_catalog.genre", "pk":90, "fields":{"genre":"sci_state","subsection":"Государство и право","section":"Наука, Образование"}},
{ "model": "opds_catalog.genre", "pk":91, "fields":{"genre":"sci_popular","subsection":"Зарубежная образовательная литература, зарубежная прикладная, научно-популярная литература","section":"Наука, Образование"}},
{ "model": "opds_catalog.genre", "pk":92, "fields":{"genre":"sci_zoo","subsection":"Зоология","section":"Наука, Образование"}},
{ "model": "opds_catalog.genre", "pk":93, "fields":{"genre":"sci_history","subsection":"История","section":"Наука, Образование"}},
{ "model": "opds_catalog.genre", "pk":94, "fields":{"genre":"sci_philology","subsection":"Литературоведение","section":"Наука, Образование"}},
{ "model": "opds_catalog.genre", "pk":95, "fields":{"genre":"sci_math","subsection":"Математика","section":"Наука, Образование"}},
{ "model": "opds_catalog.genre", "pk":96, "fields":{"genre":"sci_medicine","subsection":"Медицина","section":"Наука, Образование"}},
{ "model": "opds_catalog.genre", "pk":97, "fields":{"genre":"science","subsection":"Научная литература","section":"Наука, Образование"}},
{ "model": "opds_catalog.genre", "pk":98, "fields":{"genre":"sci_social_studies","subsection":"Обществознание, социология","section":"Наука, Образование"}},
{ "model": "opds_catalog.genre", "pk":99, "fields":{"genre":"sci_politics","subsection":"Политика","section":"Наука, Образование"}},
{ "model": "opds_catalog.genre", "pk":100, "fields":{"genre":"sci_psychology","subsection":"Психология и психотерапия","section":"Наука, Образование"}},
{ "model": "opds_catalog.genre", "pk":101, "fields":{"genre":"sci_phys","subsection":"Физика","section":"Наука, Образование"}},
{ "model": "opds_catalog.genre", "pk":102, "fields":{"genre":"sci_philosophy","subsection":"Философия","section":"Наука, Образование"}},
{ "model": "opds_catalog.genre", "pk":103, "fields":{"genre":"sci_chem","subsection":"Химия","section":"Наука, Образование"}},
{ "model": "opds_catalog.genre", "pk":104, "fields":{"genre":"sci_ecology","subsection":"Экология","section":"Наука, Образование"}},
{ "model": "opds_catalog.genre", "pk":105, "fields":{"genre":"sci_economy","subsection":"Экономика","section":"Наука, Образование"}},
{ "model": "opds_catalog.genre", "pk":106, "fields":{"genre":"sci_juris","subsection":"Юриспруденция","section":"Наука, Образование"}},
{ "model": "opds_catalog.genre", "pk":107, "fields":{"genre":"sci_linguistic","subsection":"Языкознание, иностранные языки","section":"Наука, Образование"}},
{ "model": "opds_catalog.genre", "pk":108, "fields":{"genre":"palindromes","subsection":"Визуальная и экспериментальная поэзия, верлибры, палиндромы","section":"Поэзия"}},
{ "model": "opds_catalog.genre", "pk":109, "fields":{"genre":"poetry_for_classical","subsection":"Классическая зарубежная поэзия","section":"Поэзия"}},
{ "model": "opds_catalog.genre", "pk":110, "fields":{"genre":"poetry_classical","subsection":"Классическая поэзия","section":"Поэзия"}},
{ "model": "opds_catalog.genre", "pk":111, "fields":{"genre":"poetry_rus_classical","subsection":"Классическая русская поэзия","section":"Поэзия"}},
{ "model": "opds_catalog.genre", "pk":112, "fields":{"genre":"lyrics","subsection":"Лирика","section":"Поэзия"}},
{ "model": "opds_catalog.genre", "pk":113, "fields":{"genre":"song_poetry","subsection":"Песенная поэзия","section":"Поэзия"}},
{ "model": "opds_catalog.genre", "pk":114, "fields":{"genre":"poetry","subsection":"Поэзия","section":"Поэзия"}},
{ "model": "opds_catalog.genre", "pk":115, "fields":{"genre":"poetry_east","subsection":"Поэзия Востока","section":"Поэзия"}},
{ "model": "opds_catalog.genre", "pk":116, "fields":{"genre":"poem","subsection":"Поэма, эпическая поэзия","section":"Поэзия"}},
{ "model": "opds_catalog.genre", "pk":117, "fields":{"genre":"poetry_for_modern","subsection":"Современная зарубежная поэзия","section":"Поэзия"}},
{ "model": "opds_catalog.genre", "pk":118, "fields":{"genre":"poetry_modern","subsection":"Современная поэзия","section":"Поэзия"}},
{ "model": "opds_catalog.genre", "pk":119, "fields":{"genre":"poetry_rus_modern","subsection":"Современная русская поэзия","section":"Поэзия"}},
{ "model": "opds_catalog.genre", "pk":120, "fields":{"genre":"humor_verse","subsection":"Юмористические стихи, басни","section":"Поэзия"}},
{ "model": "opds_catalog.genre", "pk":121, "fields":{"genre":"adv_story","subsection":"Авантюрный роман","section":"Приключения"}},
{ "model": "opds_catalog.genre", "pk":122, "fields":{"genre":"adv_indian","subsection":"Вестерн, про индейцев","section":"Приключения"}},
{ "model": "opds_catalog.genre", "pk":123, "fields":{"genre":"adv_history","subsection":"Исторические приключения","section":"Приключения"}},
{ "model": "opds_catalog.genre", "pk":124, "fields":{"genre":"adv_maritime","subsection":"Морские приключения","section":"Приключения"}},
{ "model": "opds_catalog.genre", "pk":125, "fields":{"genre":"adventure","subsection":"Приключения","section":"Приключения"}},
{ "model": "opds_catalog.genre", "pk":126, "fields":{"genre":"adv_modern","subsection":"Приключения в современном мире","section":"Приключения"}},
{ "model": "opds_catalog.genre", "pk":127, "fields":{"genre":"child_adv","subsection":"Приключения для детей и подростков","section":"Приключения"}},
{ "model": "opds_catalog.genre", "pk":128, "fields":{"genre":"adv_animal","subsection":"Природа и животные","section":"Приключения"}},
{ "model": "opds_catalog.genre", "pk":129, "fields":{"genre":"adv_geo","subsection":"Путешествия и география","section":"Приключения"}},
{ "model": "opds_catalog.genre", "pk":130, "fields":{"genre":"tale_chivalry","subsection":"Рыцарский роман","section":"Приключения"}},
{ "model": "opds_catalog.genre", "pk":131, "fields":{"genre":"aphorisms","subsection":"Афоризмы, цитаты","section":"Проза"}},
{ "model": "opds_catalog.genre", "pk":132, "fields":{"genre":"gothic_novel","subsection":"Готический роман","section":"Проза"}},
{ "model": "opds_catalog.genre", "pk":133, "fields":{"genre":"foreign_prose","subsection":"Зарубежная классическая проза","section":"Проза"}},
{ "model": "opds_catalog.genre", "pk":134, "fields":{"genre":"prose_history","subsection":"Историческая проза","section":"Проза"}},
{ "model": "opds_catalog.genre", "pk":135, "fields":{"genre":"prose_classic","subsection":"Классическая проза","section":"Проза"}},
{ "model": "opds_catalog.genre", "pk":136, "fields":{"genre":"literature_18","subsection":"Классическая проза XVII-XVIII веков","section":"Проза"}},
{ "model": "opds_catalog.genre", "pk":137, "fields":{"genre":"literature_19","subsection":"Классическая проза ХIX века","section":"Проза"}},
{ "model": "opds_catalog.genre", "pk":138, "fields":{"genre":"literature_20","subsection":"Классическая проза ХX века","section":"Проза"}},
{ "model": "opds_catalog.genre", "pk":139, "fields":{"genre":"prose_counter","subsection":"Контркультура","section":"Проза"}},
{ "model": "opds_catalog.genre", "pk":140, "fields":{"genre":"prose_magic","subsection":"Магический реализм","section":"Проза"}},
{ "model": "opds_catalog.genre", "pk":141, "fields":{"genre":"story","subsection":"Малые литературные формы прозы: рассказы, эссе, новеллы, феерия","section":"Проза"}},
{ "model": "opds_catalog.genre", "pk":142, "fields":{"genre":"prose","subsection":"Проза","section":"Проза"}},
{ "model": "opds_catalog.genre", "pk":143, "fields":{"genre":"prose_military","subsection":"Проза о войне","section":"Проза"}},
{ "model": "opds_catalog.genre", "pk":144, "fields":{"genre":"great_story","subsection":"Роман, повесть","section":"Проза"}},
{ "model": "opds_catalog.genre", "pk":145, "fields":{"genre":"prose_rus_classic","subsection":"Русская классическая проза","section":"Проза"}},
{ "model": "opds_catalog.genre", "pk":146, "fields":{"genre":"prose_su_classics","subsection":"Советская классическая проза","section":"Проза"}},
{ "model": "opds_catalog.genre", "pk":147, "fields":{"genre":"prose_contemporary","subsection":"Современная русская и зарубежная проза","section":"Проза"}},
{ "model": "opds_catalog.genre", "pk":148, "fields":{"genre":"foreign_antique","subsection":"Средневековая классическая проза","section":"Проза"}},
{ "model": "opds_catalog.genre", "pk":149, "fields":{"genre":"prose_abs","subsection":"Фантасмагория, абсурдистская проза","section":"Проза"}},
{ "model": "opds_catalog.genre", "pk":150, "fields":{"genre":"prose_neformatny","subsection":"Экспериментальная, неформатная проза","section":"Проза"}},
{ "model": "opds_catalog.genre", "pk":151, "fields":{"genre":"epistolary_fiction","subsection":"Эпистолярная проза","section":"Проза"}},
{ "model": "opds_catalog.genre", "pk":152, "fields":{"genre":"periodic","subsection":"Журналы, газеты","section":"Прочее"}},
{ "model": "opds_catalog.genre", "pk":153, "fields":{"genre":"comics","subsection":"Комиксы","section":"Прочее"}},
{ "model": "opds_catalog.genre", "pk":154, "fields":{"genre":"unfinished","subsection":"Незавершенное","section":"Прочее"}},
{ "model": "opds_catalog.genre", "pk":155, "fields":{"genre":"other","subsection":"Неотсортированное","section":"Прочее"}},
{ "model": "opds_catalog.genre", "pk":156, "fields":{"genre":"network_literature","subsection":"Самиздат, сетевая литература","section":"Прочее"}},
{ "model": "opds_catalog.genre", "pk":157, "fields":{"genre":"fanfiction","subsection":"Фанфик","section":"Прочее"}},
{ "model": "opds_catalog.genre", "pk":158, "fields":{"genre":"astrology","subsection":"Астрология и хиромантия","section":"Религия, духовность, эзотерика"}},
{ "model": "opds_catalog.genre", "pk":159, "fields":{"genre":"religion_budda","subsection":"Буддизм","section":"Религия, духовность, эзотерика"}},
{ "model": "opds_catalog.genre", "pk":160, "fields":{"genre":"religion_hinduism","subsection":"Индуизм","section":"Религия, духовность, эзотерика"}},
{ "model": "opds_catalog.genre", "pk":161, "fields":{"genre":"religion_islam","subsection":"Ислам","section":"Религия, духовность, эзотерика"}},
{ "model": "opds_catalog.genre", "pk":162, "fields":{"genre":"religion_judaism","subsection":"Иудаизм","section":"Религия, духовность, эзотерика"}},
{ "model": "opds_catalog.genre", "pk":163, "fields":{"genre":"religion_catholicism","subsection":"Католицизм","section":"Религия, духовность, эзотерика"}},
{ "model": "opds_catalog.genre", "pk":164, "fields":{"genre":"religion_orthodoxy","subsection":"Православие","section":"Религия, духовность, эзотерика"}},
{ "model": "opds_catalog.genre", "pk":165, "fields":{"genre":"religion_protestantism","subsection":"Протестантизм","section":"Религия, духовность, эзотерика"}},
{ "model": "opds_catalog.genre", "pk":166, "fields":{"genre":"sci_religion","subsection":"Религиоведение","section":"Религия, духовность, эзотерика"}},
{ "model": "opds_catalog.genre", "pk":167, "fields":{"genre":"religion","subsection":"Религия, религиозная литература","section":"Религия, духовность, эзотерика"}},
{ "model": "opds_catalog.genre", "pk":168, "fields":{"genre":"religion_self","subsection":"Самосовершенствование","section":"Религия, духовность, эзотерика"}},
{ "model": "opds_catalog.genre", "pk":169, "fields":{"genre":"religion_christianity","subsection":"Христианство","section":"Религия, духовность, эзотерика"}},
{ "model": "opds_catalog.genre", "pk":170, "fields":{"genre":"religion_esoterics","subsection":"Эзотерика, эзотерическая литература","section":"Религия, духовность, эзотерика"}},
{ "model": "opds_catalog.genre", "pk":171, "fields":{"genre":"religion_paganism","subsection":"Язычество","section":"Религия, духовность, эзотерика"}},
{ "model": "opds_catalog.genre", "pk":172, "fields":{"genre":"geo_guides","subsection":"Путеводители, карты, атласы","section":"Справочная литература"}},
{ "model": "opds_catalog.genre", "pk":173, "fields":{"genre":"ref_guide","subsection":"Руководства","section":"Справочная литература"}},
{ "model": "opds_catalog.genre", "pk":174, "fields":{"genre":"ref_dict","subsection":"Словари","section":"Справочная литература"}},
{ "model": "opds_catalog.genre", "pk":175, "fields":{"genre":"reference","subsection":"Справочная литература","section":"Справочная литература"}},
{ "model": "opds_catalog.genre", "pk":176, "fields":{"genre":"ref_ref","subsection":"Справочники","section":"Справочная литература"}},
{ "model": "opds_catalog.genre", "pk":177, "fields":{"genre":"ref_encyc","subsection":"Энциклопедии","section":"Справочная литература"}},
{ "model": "opds_catalog.genre", "pk":178, "fields":{"genre":"antique","subsection":"antique","section":"Старинное"}},
{ "model": "opds_catalog.genre", "pk":179, "fields":{"genre":"antique_ant","subsection":"Античная литература","section":"Старинное"}},
{ "model": "opds_catalog.genre", "pk":180, "fields":{"genre":"antique_east","subsection":"Древневосточная литература","section":"Старинное"}},
{ "model": "opds_catalog.genre", "pk":181, "fields":{"genre":"antique_russian","subsection":"Древнерусская литература","section":"Старинное"}},
{ "model": "opds_catalog.genre", "pk":182, "fields":{"genre":"antique_european","subsection":"Европейская старинная литература","section":"Старинное"}},
{ "model": "opds_catalog.genre", "pk":183, "fields":{"genre":"auto_business","subsection":"Автодело","section":"Техника"}},
{ "model": "opds_catalog.genre", "pk":184, "fields":{"genre":"military_weapon","subsection":"Военное дело, военная техника и вооружение","section":"Техника"}},
{ "model": "opds_catalog.genre", "pk":185, "fields":{"genre":"equ_history","subsection":"История техники","section":"Техника"}},
{ "model": "opds_catalog.genre", "pk":186, "fields":{"genre":"sci_metal","subsection":"Металлургия","section":"Техника"}},
{ "model": "opds_catalog.genre", "pk":187, "fields":{"genre":"sci_radio","subsection":"Радиоэлектроника","section":"Техника"}},
{ "model": "opds_catalog.genre", "pk":188, "fields":{"genre":"sci_build","subsection":"Строительство и сопромат","section":"Техника"}},
{ "model": "opds_catalog.genre", "pk":189, "fields":{"genre":"sci_tech","subsection":"Технические науки","section":"Техника"}},
{ "model": "opds_catalog.genre", "pk":190, "fields":{"genre":"sci_transport","subsection":"Транспорт и авиация","section":"Техника"}},
{ "model": "opds_catalog.genre", "pk":191, "fields":{"genre":"sci_textbook","subsection":"Учебники и пособия","section":"Учебники и пособия"}},
{ "model": "opds_catalog.genre", "pk":192, "fields":{"genre":"tbg_higher","subsection":"Учебники и пособия ВУЗов","section":"Учебники и пособия"}},
{ "model": "opds_catalog.genre", "pk":193, "fields":{"genre":"tbg_secondary","subsection":"Учебники и пособия для среднего и специального образования","section":"Учебники и пособия"}},
{ "model": "opds_catalog.genre", "pk":194, "fields":{"genre":"tbg_school","subsection":"Школьные учебники и пособия, рефераты, шпаргалки","section":"Учебники и пособия"}},
{ "model": "opds_catalog.genre", "pk":195, "fields":{"genre":"sf_history","subsection":"Альтернативная история, попаданцы","section":"Фантастика"}},
{ "model": "opds_catalog.genre", "pk":196, "fields":{"genre":"sf_action","subsection":"Боевая фантастика","section":"Фантастика"}},
{ "model": "opds_catalog.genre", "pk":197, "fields":{"genre":"sf_heroic","subsection":"Героическая фантастика","section":"Фантастика"}},
{ "model": "opds_catalog.genre", "pk":198, "fields":{"genre":"sf_fantasy_city","subsection":"Городское фэнтези","section":"Фантастика"}},
{ "model": "opds_catalog.genre", "pk":199, "fields":{"genre":"sf_detective","subsection":"Детективная фантастика","section":"Фантастика"}},
{ "model": "opds_catalog.genre", "pk":200, "fields":{"genre":"sf_cyberpunk","subsection":"Киберпанк","section":"Фантастика"}},
{ "model": "opds_catalog.genre", "pk":201, "fields":{"genre":"sf_space","subsection":"Космическая фантастика","section":"Фантастика"}},
{ "model": "opds_catalog.genre", "pk":202, "fields":{"genre":"sf_mystic","subsection":"Мистика","section":"Фантастика"}},
{ "model": "opds_catalog.genre", "pk":203, "fields":{"genre":"fairy_fantasy","subsection":"Мифологическое фэнтези","section":"Фантастика"}},
{ "model": "opds_catalog.genre", "pk":204, "fields":{"genre":"sf","subsection":"Научная Фантастика","section":"Фантастика"}},
{ "model": "opds_catalog.genre", "pk":205, "fields":{"genre":"sf_postapocalyptic","subsection":"Постапокалипсис","section":"Фантастика"}},
{ "model": "opds_catalog.genre", "pk":206, "fields":{"genre":"russian_fantasy","subsection":"Славянское фэнтези","section":"Фантастика"}},
{ "model": "opds_catalog.genre", "pk":207, "fields":{"genre":"modern_tale","subsection":"Современная сказка","section":"Фантастика"}},
{ "model": "opds_catalog.genre", "pk":208, "fields":{"genre":"sf_social","subsection":"Социально-психологическая фантастика","section":"Фантастика"}},
{ "model": "opds_catalog.genre", "pk":209, "fields":{"genre":"sf_stimpank","subsection":"Стимпанк","section":"Фантастика"}},
{ "model": "opds_catalog.genre", "pk":210, "fields":{"genre":"sf_technofantasy","subsection":"Технофэнтези","section":"Фантастика"}},
{ "model": "opds_catalog.genre", "pk":211, "fields":{"genre":"sf_horror","subsection":"Ужасы","section":"Фантастика"}},
{ "model": "opds_catalog.genre", "pk":212, "fields":{"genre":"sf_etc","subsection":"Фантастика","section":"Фантастика"}},
{ "model": "opds_catalog.genre", "pk":213, "fields":{"genre":"sf_fantasy","subsection":"Фэнтези","section":"Фантастика"}},
{ "model": "opds_catalog.genre", "pk":214, "fields":{"genre":"hronoopera","subsection":"Хроноопера","section":"Фантастика"}},
{ "model": "opds_catalog.genre", "pk":215, "fields":{"genre":"sf_epic","subsection":"Эпическая фантастика","section":"Фантастика"}},
{ "model": "opds_catalog.genre", "pk":216, "fields":{"genre":"sf_humor","subsection":"Юмористическая фантастика","section":"Фантастика"}},
{ "model": "opds_catalog.genre", "pk":217, "fields":{"genre":"epic","subsection":"Былины, эпопея","section":"Фольклор"}},
{ "model": "opds_catalog.genre", "pk":218, "fields":{"genre":"child_folklore","subsection":"Детский фольклор","section":"Фольклор"}},
{ "model": "opds_catalog.genre", "pk":219, "fields":{"genre":"antique_myths","subsection":"Мифы. Легенды. Эпос","section":"Фольклор"}},
{ "model": "opds_catalog.genre", "pk":220, "fields":{"genre":"folk_songs","subsection":"Народные песни","section":"Фольклор"}},
{ "model": "opds_catalog.genre", "pk":221, "fields":{"genre":"folk_tale","subsection":"Народные сказки","section":"Фольклор"}},
{ "model": "opds_catalog.genre", "pk":222, "fields":{"genre":"proverbs","subsection":"Пословицы, поговорки","section":"Фольклор"}},
{ "model": "opds_catalog.genre", "pk":223, "fields":{"genre":"folklore","subsection":"Фольклор, загадки folklore","section":"Фольклор"}},
{ "model": "opds_catalog.genre", "pk":224, "fields":{"genre":"limerick","subsection":"Частушки, прибаутки, потешки","section":"Фольклор"}},
{ "model": "opds_catalog.genre", "pk":225, "fields":{"genre":"humor_anecdote","subsection":"Анекдоты","section":"Юмор"}},
{ "model": "opds_catalog.genre", "pk":226, "fields":{"genre":"humor_satire","subsection":"Сатира","section":"Юмор"}},
{ "model": "opds_catalog.genre", "pk":227, "fields":{"genre":"humor","subsection":"Юмор","section":"Юмор"}},
{ "model": "opds_catalog.genre", "pk":228, "fields":{"genre":"humor_prose","subsection":"Юмористическая проза","section":"Юмор"}}
]
